Nome,Citta,Indirizzo,Telefono,Email,Categoria,Motivo,Recensioni,Demo URL,WhatsApp link,Email link,Inviato
Kaos Parrucchieri Di Chiastra Raffaella,Parma PR,"Via Po, 15/a, 43125 Parma PR",0521 231430,,SENZA SITO,nessun sito,279,https://mirondavide.com/parrucchieri/kaos-parrucchieri-di-chiastra-raffaella/,,,
Parrucchieri Yang,Parma PR,"Viale Vittorio Bottego, 3BC, 43121 Parma PR",0521 168 2284,,SENZA SITO,nessun sito,267,https://mirondavide.com/parrucchieri/parrucchieri-yang/,,,
Dimensione Uomo Parma,Parma PR,"Via Pablo Picasso, 16D, 43123 Parma PR",0521 243832,,SENZA SITO,nessun sito,237,https://mirondavide.com/parrucchieri/dimensione-uomo-parma/,,,
Hair Movix Parrucchieri Parma,Parma PR,"Via Emilia Est, 35/ D, 43123 Parma PR",0521 247607,,SENZA SITO,nessun sito,226,https://mirondavide.com/parrucchieri/hair-movix-parrucchieri-parma/,,,
Enjoyella freelance,Parma PR,"Via Edoardo Jenner, 2, 43126 Parma PR",347 345 4469,,SENZA SITO,nessun sito,197,https://mirondavide.com/parrucchieri/enjoyella-freelance/,https://wa.me/393473454469?text=Buongiorno%2C%0A%0Ami%20chiamo%20Davide%2C%20realizzo%20siti%20web%20per%20attivit%C3%A0%20locali.%0AHo%20creato%20un%20sito%20da%20zero%20per%20Enjoyella%20freelance.%0AEccolo%3A%20https%3A//mirondavide.com/parrucchieri/enjoyella-freelance/%0A%0ALavoro%20da%20solo%20%E2%80%94%20niente%20agenzie.%20Prezzo%20da%20%E2%82%AC500%2C%20consegna%20in%2072%20ore.%0A%0ASe%20vi%20interessa%2C%20possiamo%20sentirci%2010%20minuti%20%E2%80%94%20anche%20al%20telefono%20o%20passo%20di%20persona.%0A%0AUn%20saluto%2C%0ADavide%20%E2%80%94%20379%20210%206196,,
Bruno Barber's shop,Parma PR,"Via Francesco Nullo, 6, 43125 Parma PR",,,SENZA SITO,nessun sito,153,https://mirondavide.com/parrucchieri/bruno-barber-s-shop/,,,
Taglio 84 Parrucchiere,Parma PR,"Strada Antonio Zarotto, 51, 43123 Parma PR",375 708 6488,,SENZA SITO,nessun sito,152,https://mirondavide.com/parrucchieri/taglio-84-parrucchiere/,https://wa.me/393757086488?text=Buongiorno%2C%0A%0Ami%20chiamo%20Davide%2C%20realizzo%20siti%20web%20per%20attivit%C3%A0%20locali.%0AHo%20creato%20un%20sito%20da%20zero%20per%20Taglio%2084%20Parrucchiere.%0AEccolo%3A%20https%3A//mirondavide.com/parrucchieri/taglio-84-parrucchiere/%0A%0ALavoro%20da%20solo%20%E2%80%94%20niente%20agenzie.%20Prezzo%20da%20%E2%82%AC500%2C%20consegna%20in%2072%20ore.%0A%0ASe%20vi%20interessa%2C%20possiamo%20sentirci%2010%20minuti%20%E2%80%94%20anche%20al%20telefono%20o%20passo%20di%20persona.%0A%0AUn%20saluto%2C%0ADavide%20%E2%80%94%20379%20210%206196,,
Hair Revolution Di Milo Antonio,Collecchio PR,"Strada Giardinetto, 6/L, 43044 Collecchio PR",0521 883522,,SENZA SITO,nessun sito,149,https://mirondavide.com/parrucchieri/hair-revolution-di-milo-antonio/,,,
TAGLIATI X IL SUCCESSO by Nicoletta Parrucchieri,Parma PR,"Str. Traversetolo, 4, 43123 Parma PR",0521 240034,,SENZA SITO,nessun sito,140,https://mirondavide.com/parrucchieri/tagliati-x-il-successo-by-nicoletta-parrucchieri/,,,
Curly Angels - Angeli per i tuoi capelli!,Parma PR,"Str. della Repubblica, 100, 43121 Parma PR",335 125 2363,,SENZA SITO,nessun sito,135,https://mirondavide.com/parrucchieri/curly-angels-angeli-per-i-tuoi-capelli/,https://wa.me/393351252363?text=Buongiorno%2C%0A%0Ami%20chiamo%20Davide%2C%20realizzo%20siti%20web%20per%20attivit%C3%A0%20locali.%0AHo%20creato%20un%20sito%20da%20zero%20per%20Curly%20Angels%20Angeli.%0AEccolo%3A%20https%3A//mirondavide.com/parrucchieri/curly-angels-angeli-per-i-tuoi-capelli/%0A%0ALavoro%20da%20solo%20%E2%80%94%20niente%20agenzie.%20Prezzo%20da%20%E2%82%AC500%2C%20consegna%20in%2072%20ore.%0A%0ASe%20vi%20interessa%2C%20possiamo%20sentirci%2010%20minuti%20%E2%80%94%20anche%20al%20telefono%20o%20passo%20di%20persona.%0A%0AUn%20saluto%2C%0ADavide%20%E2%80%94%20379%20210%206196,,
Oscar Barbieri & Parrucchieri,Parma PR,"Via Giuseppe Verdi, 21/B, 43121 Parma PR",0521 061814,,SENZA SITO,nessun sito,128,https://mirondavide.com/parrucchieri/oscar-barbieri-parrucchieri/,,,
Profili D'Immagine,Parma PR,"Via Bruno Schreiber, 17, 43124 Parma PR",0521 254215,,SENZA SITO,nessun sito,127,https://mirondavide.com/parrucchieri/profili-d-immagine/,,,
Gianni By Parrucchiere Unisex,Parma PR,"Viale Piacenza, 1, 43126 Parma PR",0521 773703,,SENZA SITO,nessun sito,122,https://mirondavide.com/parrucchieri/gianni-by-parrucchiere-unisex/,,,
Røtten Barber Shop,Parma PR,"Str. della Repubblica, 68, 43121 Parma PR",0521 347460,,SENZA SITO,nessun sito,121,https://mirondavide.com/parrucchieri/r-tten-barber-shop/,,,
New Look Parrucchieri,Parma PR,"Via Emilia Est, 20, 43121 Parma PR",376 253 8923,,SENZA SITO,nessun sito,116,https://mirondavide.com/parrucchieri/new-look-parrucchieri/,https://wa.me/393762538923?text=Buongiorno%2C%0A%0Ami%20chiamo%20Davide%2C%20realizzo%20siti%20web%20per%20attivit%C3%A0%20locali.%0AHo%20creato%20un%20sito%20da%20zero%20per%20New%20Look%20Parrucchieri.%0AEccolo%3A%20https%3A//mirondavide.com/parrucchieri/new-look-parrucchieri/%0A%0ALavoro%20da%20solo%20%E2%80%94%20niente%20agenzie.%20Prezzo%20da%20%E2%82%AC500%2C%20consegna%20in%2072%20ore.%0A%0ASe%20vi%20interessa%2C%20possiamo%20sentirci%2010%20minuti%20%E2%80%94%20anche%20al%20telefono%20o%20passo%20di%20persona.%0A%0AUn%20saluto%2C%0ADavide%20%E2%80%94%20379%20210%206196,,
Curly Sue's,Parma PR,"Borgo Pietro Giordani, 36, 43121 Parma PR",0521 207530,,SENZA SITO,nessun sito,112,https://mirondavide.com/parrucchieri/curly-sue-s/,,,
Aura Beauty Center,Parma PR,"Viale Antonio Gramsci, 5, 43126 Parma PR",327 772 0131,,SENZA SITO,nessun sito,112,https://mirondavide.com/parrucchieri/aura-beauty-center/,https://wa.me/393277720131?text=Buongiorno%2C%0A%0Ami%20chiamo%20Davide%2C%20realizzo%20siti%20web%20per%20attivit%C3%A0%20locali.%0AHo%20creato%20un%20sito%20da%20zero%20per%20Aura%20Beauty%20Center.%0AEccolo%3A%20https%3A//mirondavide.com/parrucchieri/aura-beauty-center/%0A%0ALavoro%20da%20solo%20%E2%80%94%20niente%20agenzie.%20Prezzo%20da%20%E2%82%AC500%2C%20consegna%20in%2072%20ore.%0A%0ASe%20vi%20interessa%2C%20possiamo%20sentirci%2010%20minuti%20%E2%80%94%20anche%20al%20telefono%20o%20passo%20di%20persona.%0A%0AUn%20saluto%2C%0ADavide%20%E2%80%94%20379%20210%206196,,
Taglio magico Uomo,Parma PR,"Str. Nino Bixio, 45A, 43125 Parma PR",377 361 9000,,SENZA SITO,nessun sito,111,https://mirondavide.com/parrucchieri/taglio-magico-uomo/,https://wa.me/393773619000?text=Buongiorno%2C%0A%0Ami%20chiamo%20Davide%2C%20realizzo%20siti%20web%20per%20attivit%C3%A0%20locali.%0AHo%20creato%20un%20sito%20da%20zero%20per%20Taglio%20magico%20Uomo.%0AEccolo%3A%20https%3A//mirondavide.com/parrucchieri/taglio-magico-uomo/%0A%0ALavoro%20da%20solo%20%E2%80%94%20niente%20agenzie.%20Prezzo%20da%20%E2%82%AC500%2C%20consegna%20in%2072%20ore.%0A%0ASe%20vi%20interessa%2C%20possiamo%20sentirci%2010%20minuti%20%E2%80%94%20anche%20al%20telefono%20o%20passo%20di%20persona.%0A%0AUn%20saluto%2C%0ADavide%20%E2%80%94%20379%20210%206196,,
Mood Parrucchieri,Parma PR,"Via S. Leonardo, 50/a, 43122 Parma PR",0521 784789,,SENZA SITO,nessun sito,110,https://mirondavide.com/parrucchieri/mood-parrucchieri/,,,
Parrucchiere Il Bello Delle Donne Parma,Parma PR,"Str. Giuseppe Garibaldi, 46/B, 43100 Parma PR",0521 230589,,SENZA SITO,nessun sito,103,https://mirondavide.com/parrucchieri/parrucchiere-il-bello-delle-donne-parma/,,,
Valbona Hair,Parma PR,"Via Strela, 1/B, 43125 Parma PR",389 995 0341,,SENZA SITO,nessun sito,97,https://mirondavide.com/parrucchieri/valbona-hair/,https://wa.me/393899950341?text=Buongiorno%2C%0A%0Ami%20chiamo%20Davide%2C%20realizzo%20siti%20web%20per%20attivit%C3%A0%20locali.%0AHo%20creato%20un%20sito%20da%20zero%20per%20Valbona%20Hair.%0AEccolo%3A%20https%3A//mirondavide.com/parrucchieri/valbona-hair/%0A%0ALavoro%20da%20solo%20%E2%80%94%20niente%20agenzie.%20Prezzo%20da%20%E2%82%AC500%2C%20consegna%20in%2072%20ore.%0A%0ASe%20vi%20interessa%2C%20possiamo%20sentirci%2010%20minuti%20%E2%80%94%20anche%20al%20telefono%20o%20passo%20di%20persona.%0A%0AUn%20saluto%2C%0ADavide%20%E2%80%94%20379%20210%206196,,
Style & Fashion parma,Parma PR,"Viale Piacenza, 22/c, 43126 Parma PR",350 806 3713,,SENZA SITO,nessun sito,96,https://mirondavide.com/parrucchieri/style-fashion-parma/,https://wa.me/393508063713?text=Buongiorno%2C%0A%0Ami%20chiamo%20Davide%2C%20realizzo%20siti%20web%20per%20attivit%C3%A0%20locali.%0AHo%20creato%20un%20sito%20da%20zero%20per%20Style%20Fashion%20parma.%0AEccolo%3A%20https%3A//mirondavide.com/parrucchieri/style-fashion-parma/%0A%0ALavoro%20da%20solo%20%E2%80%94%20niente%20agenzie.%20Prezzo%20da%20%E2%82%AC500%2C%20consegna%20in%2072%20ore.%0A%0ASe%20vi%20interessa%2C%20possiamo%20sentirci%2010%20minuti%20%E2%80%94%20anche%20al%20telefono%20o%20passo%20di%20persona.%0A%0AUn%20saluto%2C%0ADavide%20%E2%80%94%20379%20210%206196,,
.ERA Male Image,Parma PR,"Via Michelangelo Anselmi, 7/A, 43126 Parma PR",366 229 2901,,SENZA SITO,nessun sito,93,https://mirondavide.com/parrucchieri/era-male-image/,https://wa.me/393662292901?text=Buongiorno%2C%0A%0Ami%20chiamo%20Davide%2C%20realizzo%20siti%20web%20per%20attivit%C3%A0%20locali.%0AHo%20creato%20un%20sito%20da%20zero%20per%20.ERA%20Male%20Image.%0AEccolo%3A%20https%3A//mirondavide.com/parrucchieri/era-male-image/%0A%0ALavoro%20da%20solo%20%E2%80%94%20niente%20agenzie.%20Prezzo%20da%20%E2%82%AC500%2C%20consegna%20in%2072%20ore.%0A%0ASe%20vi%20interessa%2C%20possiamo%20sentirci%2010%20minuti%20%E2%80%94%20anche%20al%20telefono%20o%20passo%20di%20persona.%0A%0AUn%20saluto%2C%0ADavide%20%E2%80%94%20379%20210%206196,,
EVOS PARRUCCHIERI C/C LE OFFICINE DI PARMA,Parma PR,"Via Marco Aurelio Cavedagni, 5a, 43126 Parma PR",0521 140 4939,,SENZA SITO,nessun sito,88,https://mirondavide.com/parrucchieri/evos-parrucchieri-c-c-le-officine-di-parma/,,,
Barber 4 Colonne,Parma PR,"Str. Nino Bixio, 2, 43125 Parma PR",327 043 6333,,SENZA SITO,nessun sito,84,https://mirondavide.com/parrucchieri/barber-4-colonne/,https://wa.me/393270436333?text=Buongiorno%2C%0A%0Ami%20chiamo%20Davide%2C%20realizzo%20siti%20web%20per%20attivit%C3%A0%20locali.%0AHo%20creato%20un%20sito%20da%20zero%20per%20Barber%204%20Colonne.%0AEccolo%3A%20https%3A//mirondavide.com/parrucchieri/barber-4-colonne/%0A%0ALavoro%20da%20solo%20%E2%80%94%20niente%20agenzie.%20Prezzo%20da%20%E2%82%AC500%2C%20consegna%20in%2072%20ore.%0A%0ASe%20vi%20interessa%2C%20possiamo%20sentirci%2010%20minuti%20%E2%80%94%20anche%20al%20telefono%20o%20passo%20di%20persona.%0A%0AUn%20saluto%2C%0ADavide%20%E2%80%94%20379%20210%206196,,
Simon Barbercraft - Barbiere freestyler Parma,Parma PR,"Viale Rustici, 12/D, 43123 Parma PR",392 693 7231,,SENZA SITO,nessun sito,83,https://mirondavide.com/parrucchieri/simon-barbercraft-barbiere-freestyler-parma/,,,
Alberto Parrucchiere Uomo,Parma PR,"Via Ruggero da Parma, 17, 43126 Parma PR",0521 985111,,SENZA SITO,nessun sito,79,https://mirondavide.com/parrucchieri/alberto-parrucchiere-uomo/,,,
FRIDA BARBER SALOON,Parma PR,"Borgo Tasso, 4, 43121 Parma PR",0521 199 0507,,SENZA SITO,nessun sito,75,https://mirondavide.com/parrucchieri/frida-barber-saloon/,,,
"Leonardo Parrucchieri si riceve su appuntamento,gli orari possono essere variabili in base agli appuntamenti.",Parma PR,"Via Rolando dei Capelluti, 19, 43126 Parma PR",347 412 6753,,SENZA SITO,nessun sito,74,https://mirondavide.com/parrucchieri/leonardo-parrucchieri-si-riceve-su-appuntamento-gl/,https://wa.me/393474126753?text=Buongiorno%2C%0A%0Ami%20chiamo%20Davide%2C%20realizzo%20siti%20web%20per%20attivit%C3%A0%20locali.%0AHo%20creato%20un%20sito%20da%20zero%20per%20Leonardo%20Parrucchieri%20si.%0AEccolo%3A%20https%3A//mirondavide.com/parrucchieri/leonardo-parrucchieri-si-riceve-su-appuntamento-gl/%0A%0ALavoro%20da%20solo%20%E2%80%94%20niente%20agenzie.%20Prezzo%20da%20%E2%82%AC500%2C%20consegna%20in%2072%20ore.%0A%0ASe%20vi%20interessa%2C%20possiamo%20sentirci%2010%20minuti%20%E2%80%94%20anche%20al%20telefono%20o%20passo%20di%20persona.%0A%0AUn%20saluto%2C%0ADavide%20%E2%80%94%20379%20210%206196,,
Claudio il Barbiere,Parma PR,"S.da Matteo Renato Imbriani, 66/A, 43125 Parma PR",0521 289587,,SENZA SITO,nessun sito,74,https://mirondavide.com/parrucchieri/claudio-il-barbiere/,,,
Alestetica,Parma PR,"Via Milano, 26/B, 43122 Parma PR",349 841 7693,,SENZA SITO,nessun sito,74,https://mirondavide.com/parrucchieri/alestetica/,https://wa.me/393498417693?text=Buongiorno%2C%0A%0Ami%20chiamo%20Davide%2C%20realizzo%20siti%20web%20per%20attivit%C3%A0%20locali.%0AHo%20creato%20un%20sito%20da%20zero%20per%20Alestetica.%0AEccolo%3A%20https%3A//mirondavide.com/parrucchieri/alestetica/%0A%0ALavoro%20da%20solo%20%E2%80%94%20niente%20agenzie.%20Prezzo%20da%20%E2%82%AC500%2C%20consegna%20in%2072%20ore.%0A%0ASe%20vi%20interessa%2C%20possiamo%20sentirci%2010%20minuti%20%E2%80%94%20anche%20al%20telefono%20o%20passo%20di%20persona.%0A%0AUn%20saluto%2C%0ADavide%20%E2%80%94%20379%20210%206196,,
Emad Parrucchiere,Parma PR,"Strada Massimo D'Azeglio, 17B, 43125 Parma PR",327 043 6333,,SENZA SITO,nessun sito,66,https://mirondavide.com/parrucchieri/emad-parrucchiere/,https://wa.me/393270436333?text=Buongiorno%2C%0A%0Ami%20chiamo%20Davide%2C%20realizzo%20siti%20web%20per%20attivit%C3%A0%20locali.%0AHo%20creato%20un%20sito%20da%20zero%20per%20Emad%20Parrucchiere.%0AEccolo%3A%20https%3A//mirondavide.com/parrucchieri/emad-parrucchiere/%0A%0ALavoro%20da%20solo%20%E2%80%94%20niente%20agenzie.%20Prezzo%20da%20%E2%82%AC500%2C%20consegna%20in%2072%20ore.%0A%0ASe%20vi%20interessa%2C%20possiamo%20sentirci%2010%20minuti%20%E2%80%94%20anche%20al%20telefono%20o%20passo%20di%20persona.%0A%0AUn%20saluto%2C%0ADavide%20%E2%80%94%20379%20210%206196,,
Glamour estetica,Parma PR,"Stradello C. Corvi, 2/b, 43123 Parma PR",347 819 0917,,SENZA SITO,nessun sito,64,https://mirondavide.com/parrucchieri/glamour-estetica/,https://wa.me/393478190917?text=Buongiorno%2C%0A%0Ami%20chiamo%20Davide%2C%20realizzo%20siti%20web%20per%20attivit%C3%A0%20locali.%0AHo%20creato%20un%20sito%20da%20zero%20per%20Glamour%20estetica.%0AEccolo%3A%20https%3A//mirondavide.com/parrucchieri/glamour-estetica/%0A%0ALavoro%20da%20solo%20%E2%80%94%20niente%20agenzie.%20Prezzo%20da%20%E2%82%AC500%2C%20consegna%20in%2072%20ore.%0A%0ASe%20vi%20interessa%2C%20possiamo%20sentirci%2010%20minuti%20%E2%80%94%20anche%20al%20telefono%20o%20passo%20di%20persona.%0A%0AUn%20saluto%2C%0ADavide%20%E2%80%94%20379%20210%206196,,
Linea D Parrucchieri,Parma PR,"Via Raffaello Sanzio, 4/c, 43124 Parma PR",0521 966099,,SENZA SITO,nessun sito,61,https://mirondavide.com/parrucchieri/linea-d-parrucchieri/,,,
Nova Concept Parma,Parma PR,"Via Chiavari, 14, 43125 Parma PR",0521 124 0011,,SENZA SITO,nessun sito,55,https://mirondavide.com/parrucchieri/nova-concept-parma/,,,
Beauty Elite,Parma PR,"Via Pietro Rubini, 8, 43125 Parma PR",338 253 5577,,SENZA SITO,nessun sito,50,https://mirondavide.com/parrucchieri/beauty-elite/,https://wa.me/393382535577?text=Buongiorno%2C%0A%0Ami%20chiamo%20Davide%2C%20realizzo%20siti%20web%20per%20attivit%C3%A0%20locali.%0AHo%20creato%20un%20sito%20da%20zero%20per%20Beauty%20Elite.%0AEccolo%3A%20https%3A//mirondavide.com/parrucchieri/beauty-elite/%0A%0ALavoro%20da%20solo%20%E2%80%94%20niente%20agenzie.%20Prezzo%20da%20%E2%82%AC500%2C%20consegna%20in%2072%20ore.%0A%0ASe%20vi%20interessa%2C%20possiamo%20sentirci%2010%20minuti%20%E2%80%94%20anche%20al%20telefono%20o%20passo%20di%20persona.%0A%0AUn%20saluto%2C%0ADavide%20%E2%80%94%20379%20210%206196,,
Hair Studio A&S,Parma PR,"Strada Antonio Zarotto, 30/F, 43123 Parma PR",0521 147 1131,,SENZA SITO,nessun sito,48,https://mirondavide.com/parrucchieri/hair-studio-a-s/,,,
Beauty Love The Hair,Parma PR,"Via Alexander Fleming, 6, 43126 Parma PR",0521 196 7385,,SENZA SITO,nessun sito,46,https://mirondavide.com/parrucchieri/beauty-love-the-hair/,,,
"Mirco Mazza linea uomo, Barbiere",Parma PR,"G.B.Borghesi, 15/a, 43121 Parma PR",0521 231024,,SENZA SITO,nessun sito,44,https://mirondavide.com/parrucchieri/mirco-mazza-linea-uomo-barbiere/,,,
Venanzio barber,Parma PR,"Via Venezia, 22/b, 43122 Parma PR",348 342 9818,,SENZA SITO,nessun sito,43,https://mirondavide.com/parrucchieri/venanzio-barber/,https://wa.me/393483429818?text=Buongiorno%2C%0A%0Ami%20chiamo%20Davide%2C%20realizzo%20siti%20web%20per%20attivit%C3%A0%20locali.%0AHo%20creato%20un%20sito%20da%20zero%20per%20Venanzio%20barber.%0AEccolo%3A%20https%3A//mirondavide.com/parrucchieri/venanzio-barber/%0A%0ALavoro%20da%20solo%20%E2%80%94%20niente%20agenzie.%20Prezzo%20da%20%E2%82%AC500%2C%20consegna%20in%2072%20ore.%0A%0ASe%20vi%20interessa%2C%20possiamo%20sentirci%2010%20minuti%20%E2%80%94%20anche%20al%20telefono%20o%20passo%20di%20persona.%0A%0AUn%20saluto%2C%0ADavide%20%E2%80%94%20379%20210%206196,,
Estetyc Beauty Skin,Parma PR,"Via Giuditta Sidoli, 35a, 43123 Parma PR",0521 576897,,SENZA SITO,nessun sito,41,https://mirondavide.com/parrucchieri/estetyc-beauty-skin/,,,
Maurizio Lanzi HairMaison,Parma PR,"Strada Casa Bianca, 33 D, 43123 Parma PR",0521 376385,,SENZA SITO,nessun sito,40,https://mirondavide.com/parrucchieri/maurizio-lanzi-hairmaison/,,,
Eko By Sandro & Luca (S.N.C.),Parma PR,"Via Giuditta Sidoli, 31/b, 43123 Parma PR",0521 493886,,SENZA SITO,nessun sito,40,https://mirondavide.com/parrucchieri/eko-by-sandro-luca-s-n-c/,,,
Tagli e dettagli Parma,Parma PR,"Viale Vittorio Bottego, 3, 43121 Parma PR",347 833 1814,,SENZA SITO,nessun sito,38,https://mirondavide.com/parrucchieri/tagli-e-dettagli-parma/,https://wa.me/393478331814?text=Buongiorno%2C%0A%0Ami%20chiamo%20Davide%2C%20realizzo%20siti%20web%20per%20attivit%C3%A0%20locali.%0AHo%20creato%20un%20sito%20da%20zero%20per%20Tagli%20e%20dettagli.%0AEccolo%3A%20https%3A//mirondavide.com/parrucchieri/tagli-e-dettagli-parma/%0A%0ALavoro%20da%20solo%20%E2%80%94%20niente%20agenzie.%20Prezzo%20da%20%E2%82%AC500%2C%20consegna%20in%2072%20ore.%0A%0ASe%20vi%20interessa%2C%20possiamo%20sentirci%2010%20minuti%20%E2%80%94%20anche%20al%20telefono%20o%20passo%20di%20persona.%0A%0AUn%20saluto%2C%0ADavide%20%E2%80%94%20379%20210%206196,,
L'angolo Della Bellezza,Ponte Taro PR,"Via Martiri della Libertà, 15, 43010 Ponte Taro PR",346 570 7797,,SENZA SITO,nessun sito,38,https://mirondavide.com/parrucchieri/l-angolo-della-bellezza/,https://wa.me/393465707797?text=Buongiorno%2C%0A%0Ami%20chiamo%20Davide%2C%20realizzo%20siti%20web%20per%20attivit%C3%A0%20locali.%0AHo%20creato%20un%20sito%20da%20zero%20per%20L%27angolo%20Della%20Bellezza.%0AEccolo%3A%20https%3A//mirondavide.com/parrucchieri/l-angolo-della-bellezza/%0A%0ALavoro%20da%20solo%20%E2%80%94%20niente%20agenzie.%20Prezzo%20da%20%E2%82%AC500%2C%20consegna%20in%2072%20ore.%0A%0ASe%20vi%20interessa%2C%20possiamo%20sentirci%2010%20minuti%20%E2%80%94%20anche%20al%20telefono%20o%20passo%20di%20persona.%0A%0AUn%20saluto%2C%0ADavide%20%E2%80%94%20379%20210%206196,,
Bassan Roberto Bruno,Parma PR,"Borgo Collegio Maria Luigia, 13, 43121 Parma PR",0521 200286,,SENZA SITO,nessun sito,37,https://mirondavide.com/parrucchieri/bassan-roberto-bruno/,,,
Dimensione Bellezza Di Azzi A. & C. (S.N.C.),Parma PR,"Via Pablo Picasso, 16, 43123 Parma PR",0521 243892,,SENZA SITO,nessun sito,35,https://mirondavide.com/parrucchieri/dimensione-bellezza-di-azzi-a-c-s-n-c/,,,
Hair Melody,Parma PR,"Str. Felice Cavallotti, 20A, 43121 Parma PR",351 710 5606,,SENZA SITO,nessun sito,34,https://mirondavide.com/parrucchieri/hair-melody/,https://wa.me/393517105606?text=Buongiorno%2C%0A%0Ami%20chiamo%20Davide%2C%20realizzo%20siti%20web%20per%20attivit%C3%A0%20locali.%0AHo%20creato%20un%20sito%20da%20zero%20per%20Hair%20Melody.%0AEccolo%3A%20https%3A//mirondavide.com/parrucchieri/hair-melody/%0A%0ALavoro%20da%20solo%20%E2%80%94%20niente%20agenzie.%20Prezzo%20da%20%E2%82%AC500%2C%20consegna%20in%2072%20ore.%0A%0ASe%20vi%20interessa%2C%20possiamo%20sentirci%2010%20minuti%20%E2%80%94%20anche%20al%20telefono%20o%20passo%20di%20persona.%0A%0AUn%20saluto%2C%0ADavide%20%E2%80%94%20379%20210%206196,,
Eden estetica bellezza e benessere,Parma PR,"Str. Nino Bixio, 44, 43123 Parma PR",0521 228105,,SENZA SITO,nessun sito,34,https://mirondavide.com/parrucchieri/eden-estetica-bellezza-e-benessere/,,,
EVOS PARRUCCHIERI,Parma PR,"Via Emilia Est, 133, 43123 Parma PR",0521 240538,,SENZA SITO,nessun sito,33,https://mirondavide.com/parrucchieri/evos-parrucchieri/,,,
Hair Glamour Di Barcella Stefania,Parma PR,"11/A Piazza Terramare, Vicofertile, PR 43100, 43126 Parma PR",0521 939845,,SENZA SITO,nessun sito,33,https://mirondavide.com/parrucchieri/hair-glamour-di-barcella-stefania/,,,
Medical Beauty Center,Parma PR,"Via Vincenzo Re, 47, 43125 Parma PR",0521 959188,,SENZA SITO,nessun sito,33,https://mirondavide.com/parrucchieri/medical-beauty-center/,,,
A C Parrucchieri di Andrea Capanna,Parma PR,"Via Michele, Via M. Valenti, 5/b, 43123 Parma PR",0521 771572,,SENZA SITO,nessun sito,32,https://mirondavide.com/parrucchieri/a-c-parrucchieri-di-andrea-capanna/,,,
Tino & Sandro,Parma PR,"Via S. Leonardo, 3, 43122 Parma PR",0521 781628,,SENZA SITO,nessun sito,32,https://mirondavide.com/parrucchieri/tino-sandro/,,,
Beauty Premiere Parma Lubiana,Parma PR,"Via Alberto del Bono, 3l, 43123 Parma PR",328 180 9108,,SENZA SITO,nessun sito,32,https://mirondavide.com/parrucchieri/beauty-premiere-parma-lubiana/,https://wa.me/393281809108?text=Buongiorno%2C%0A%0Ami%20chiamo%20Davide%2C%20realizzo%20siti%20web%20per%20attivit%C3%A0%20locali.%0AHo%20creato%20un%20sito%20da%20zero%20per%20Beauty%20Premiere%20Parma.%0AEccolo%3A%20https%3A//mirondavide.com/parrucchieri/beauty-premiere-parma-lubiana/%0A%0ALavoro%20da%20solo%20%E2%80%94%20niente%20agenzie.%20Prezzo%20da%20%E2%82%AC500%2C%20consegna%20in%2072%20ore.%0A%0ASe%20vi%20interessa%2C%20possiamo%20sentirci%2010%20minuti%20%E2%80%94%20anche%20al%20telefono%20o%20passo%20di%20persona.%0A%0AUn%20saluto%2C%0ADavide%20%E2%80%94%20379%20210%206196,,
Barberia parma,Parma PR,"Via Carlo Raimondi, 2, 43124 Parma PR",0521 962892,,SENZA SITO,nessun sito,31,https://mirondavide.com/parrucchieri/barberia-parma/,,,
Rock Hair,Parma PR,"Via Alberto del Bono, 5f, 43123 Parma PR",0521 242996,,SENZA SITO,nessun sito,30,https://mirondavide.com/parrucchieri/rock-hair/,,,
Semplicemente Donna di Annibali Mykol,Parma PR,"Viale Milazzo, 6, 43125 Parma PR",328 849 4094,,SENZA SITO,nessun sito,28,https://mirondavide.com/parrucchieri/semplicemente-donna-di-annibali-mykol/,https://wa.me/393288494094?text=Buongiorno%2C%0A%0Ami%20chiamo%20Davide%2C%20realizzo%20siti%20web%20per%20attivit%C3%A0%20locali.%0AHo%20creato%20un%20sito%20da%20zero%20per%20Semplicemente%20Donna%20di.%0AEccolo%3A%20https%3A//mirondavide.com/parrucchieri/semplicemente-donna-di-annibali-mykol/%0A%0ALavoro%20da%20solo%20%E2%80%94%20niente%20agenzie.%20Prezzo%20da%20%E2%82%AC500%2C%20consegna%20in%2072%20ore.%0A%0ASe%20vi%20interessa%2C%20possiamo%20sentirci%2010%20minuti%20%E2%80%94%20anche%20al%20telefono%20o%20passo%20di%20persona.%0A%0AUn%20saluto%2C%0ADavide%20%E2%80%94%20379%20210%206196,,
Beauty experiences by Yulisi Rodriguez,Parma PR,"Via Emilia Est, 21, 43121 Parma PR",0521 573657,,SENZA SITO,nessun sito,27,https://mirondavide.com/parrucchieri/beauty-experiences-by-yulisi-rodriguez/,,,
A Modo Mio Parrucchiere,Parma PR,"Via Robert Koch, 9, 43100 Parma PR",0521 686742,,SENZA SITO,nessun sito,26,https://mirondavide.com/parrucchieri/a-modo-mio-parrucchiere/,,,
Teste Matte,Parma PR,"Largo Ferruccio Parri, 41/C, 43123 Parma PR",349 666 8067,,SENZA SITO,nessun sito,25,https://mirondavide.com/parrucchieri/teste-matte/,https://wa.me/393496668067?text=Buongiorno%2C%0A%0Ami%20chiamo%20Davide%2C%20realizzo%20siti%20web%20per%20attivit%C3%A0%20locali.%0AHo%20creato%20un%20sito%20da%20zero%20per%20Teste%20Matte.%0AEccolo%3A%20https%3A//mirondavide.com/parrucchieri/teste-matte/%0A%0ALavoro%20da%20solo%20%E2%80%94%20niente%20agenzie.%20Prezzo%20da%20%E2%82%AC500%2C%20consegna%20in%2072%20ore.%0A%0ASe%20vi%20interessa%2C%20possiamo%20sentirci%2010%20minuti%20%E2%80%94%20anche%20al%20telefono%20o%20passo%20di%20persona.%0A%0AUn%20saluto%2C%0ADavide%20%E2%80%94%20379%20210%206196,,
Doppia W HAIR SALON,Parma PR,"Viale Piacenza, 39, 43126 Parma PR",388 874 4092,,SENZA SITO,nessun sito,25,https://mirondavide.com/parrucchieri/doppia-w-hair-salon/,https://wa.me/393888744092?text=Buongiorno%2C%0A%0Ami%20chiamo%20Davide%2C%20realizzo%20siti%20web%20per%20attivit%C3%A0%20locali.%0AHo%20creato%20un%20sito%20da%20zero%20per%20Doppia%20W%20HAIR.%0AEccolo%3A%20https%3A//mirondavide.com/parrucchieri/doppia-w-hair-salon/%0A%0ALavoro%20da%20solo%20%E2%80%94%20niente%20agenzie.%20Prezzo%20da%20%E2%82%AC500%2C%20consegna%20in%2072%20ore.%0A%0ASe%20vi%20interessa%2C%20possiamo%20sentirci%2010%20minuti%20%E2%80%94%20anche%20al%20telefono%20o%20passo%20di%20persona.%0A%0AUn%20saluto%2C%0ADavide%20%E2%80%94%20379%20210%206196,,
HIDRI & YOUR HAIR,Parma PR,"Viale Milazzo, 6, 43125 Parma PR",327 425 6299,,SENZA SITO,nessun sito,22,https://mirondavide.com/parrucchieri/hidri-your-hair/,https://wa.me/393274256299?text=Buongiorno%2C%0A%0Ami%20chiamo%20Davide%2C%20realizzo%20siti%20web%20per%20attivit%C3%A0%20locali.%0AHo%20creato%20un%20sito%20da%20zero%20per%20HIDRI%20YOUR%20HAIR.%0AEccolo%3A%20https%3A//mirondavide.com/parrucchieri/hidri-your-hair/%0A%0ALavoro%20da%20solo%20%E2%80%94%20niente%20agenzie.%20Prezzo%20da%20%E2%82%AC500%2C%20consegna%20in%2072%20ore.%0A%0ASe%20vi%20interessa%2C%20possiamo%20sentirci%2010%20minuti%20%E2%80%94%20anche%20al%20telefono%20o%20passo%20di%20persona.%0A%0AUn%20saluto%2C%0ADavide%20%E2%80%94%20379%20210%206196,,
Salone Gioia,Parma PR,"Viale Duca Alessandro, 9, 43123 Parma PR",324 568 2867,,SENZA SITO,nessun sito,21,https://mirondavide.com/parrucchieri/salone-gioia/,https://wa.me/393245682867?text=Buongiorno%2C%0A%0Ami%20chiamo%20Davide%2C%20realizzo%20siti%20web%20per%20attivit%C3%A0%20locali.%0AHo%20creato%20un%20sito%20da%20zero%20per%20Salone%20Gioia.%0AEccolo%3A%20https%3A//mirondavide.com/parrucchieri/salone-gioia/%0A%0ALavoro%20da%20solo%20%E2%80%94%20niente%20agenzie.%20Prezzo%20da%20%E2%82%AC500%2C%20consegna%20in%2072%20ore.%0A%0ASe%20vi%20interessa%2C%20possiamo%20sentirci%2010%20minuti%20%E2%80%94%20anche%20al%20telefono%20o%20passo%20di%20persona.%0A%0AUn%20saluto%2C%0ADavide%20%E2%80%94%20379%20210%206196,,
La Barberia Style,Parma PR,"Borgo del Gallo, 8/A, 43121 Parma PR",388 567 7804,,SENZA SITO,nessun sito,18,https://mirondavide.com/parrucchieri/la-barberia-style/,https://wa.me/393885677804?text=Buongiorno%2C%0A%0Ami%20chiamo%20Davide%2C%20realizzo%20siti%20web%20per%20attivit%C3%A0%20locali.%0AHo%20creato%20un%20sito%20da%20zero%20per%20La%20Barberia%20Style.%0AEccolo%3A%20https%3A//mirondavide.com/parrucchieri/la-barberia-style/%0A%0ALavoro%20da%20solo%20%E2%80%94%20niente%20agenzie.%20Prezzo%20da%20%E2%82%AC500%2C%20consegna%20in%2072%20ore.%0A%0ASe%20vi%20interessa%2C%20possiamo%20sentirci%2010%20minuti%20%E2%80%94%20anche%20al%20telefono%20o%20passo%20di%20persona.%0A%0AUn%20saluto%2C%0ADavide%20%E2%80%94%20379%20210%206196,,
Mister’s Corner,Parma PR,"Via Niccolò Paganini, 3a, 43121 Parma PR",327 288 5700,,SENZA SITO,nessun sito,17,https://mirondavide.com/parrucchieri/mister-s-corner/,https://wa.me/393272885700?text=Buongiorno%2C%0A%0Ami%20chiamo%20Davide%2C%20realizzo%20siti%20web%20per%20attivit%C3%A0%20locali.%0AHo%20creato%20un%20sito%20da%20zero%20per%20Mister%E2%80%99s%20Corner.%0AEccolo%3A%20https%3A//mirondavide.com/parrucchieri/mister-s-corner/%0A%0ALavoro%20da%20solo%20%E2%80%94%20niente%20agenzie.%20Prezzo%20da%20%E2%82%AC500%2C%20consegna%20in%2072%20ore.%0A%0ASe%20vi%20interessa%2C%20possiamo%20sentirci%2010%20minuti%20%E2%80%94%20anche%20al%20telefono%20o%20passo%20di%20persona.%0A%0AUn%20saluto%2C%0ADavide%20%E2%80%94%20379%20210%206196,,
Acconciature Maschili,Parma PR,"Via Carlo Malaspina, 43/b, 43123 Parma PR",338 218 3361,,SENZA SITO,nessun sito,17,https://mirondavide.com/parrucchieri/acconciature-maschili/,https://wa.me/393382183361?text=Buongiorno%2C%0A%0Ami%20chiamo%20Davide%2C%20realizzo%20siti%20web%20per%20attivit%C3%A0%20locali.%0AHo%20creato%20un%20sito%20da%20zero%20per%20Maschili.%0AEccolo%3A%20https%3A//mirondavide.com/parrucchieri/acconciature-maschili/%0A%0ALavoro%20da%20solo%20%E2%80%94%20niente%20agenzie.%20Prezzo%20da%20%E2%82%AC500%2C%20consegna%20in%2072%20ore.%0A%0ASe%20vi%20interessa%2C%20possiamo%20sentirci%2010%20minuti%20%E2%80%94%20anche%20al%20telefono%20o%20passo%20di%20persona.%0A%0AUn%20saluto%2C%0ADavide%20%E2%80%94%20379%20210%206196,,
UMi PARRUCCHIERE&ESTETICA,Parma PR,"Via Mantova, 2, 43123 Parma PR",375 810 3091,,SENZA SITO,nessun sito,17,https://mirondavide.com/parrucchieri/umi-parrucchiere-estetica/,https://wa.me/393758103091?text=Buongiorno%2C%0A%0Ami%20chiamo%20Davide%2C%20realizzo%20siti%20web%20per%20attivit%C3%A0%20locali.%0AHo%20creato%20un%20sito%20da%20zero%20per%20UMi%20PARRUCCHIERE%26ESTETICA.%0AEccolo%3A%20https%3A//mirondavide.com/parrucchieri/umi-parrucchiere-estetica/%0A%0ALavoro%20da%20solo%20%E2%80%94%20niente%20agenzie.%20Prezzo%20da%20%E2%82%AC500%2C%20consegna%20in%2072%20ore.%0A%0ASe%20vi%20interessa%2C%20possiamo%20sentirci%2010%20minuti%20%E2%80%94%20anche%20al%20telefono%20o%20passo%20di%20persona.%0A%0AUn%20saluto%2C%0ADavide%20%E2%80%94%20379%20210%206196,,
Barbiere Forbice D’Oro,Parma PR,"Via Pietro Mascagni, C, 43122 Parma PR",392 799 3722,,SENZA SITO,nessun sito,16,https://mirondavide.com/parrucchieri/barbiere-forbice-d-oro/,,,
Barbiere Hair Style,Parma PR,"Galleria Polidoro, 43121 Parma PR",348 004 9841,,SENZA SITO,nessun sito,14,https://mirondavide.com/parrucchieri/barbiere-hair-style/,https://wa.me/393480049841?text=Buongiorno%2C%0A%0Ami%20chiamo%20Davide%2C%20realizzo%20siti%20web%20per%20attivit%C3%A0%20locali.%0AHo%20creato%20un%20sito%20da%20zero%20per%20Hair%20Style.%0AEccolo%3A%20https%3A//mirondavide.com/parrucchieri/barbiere-hair-style/%0A%0ALavoro%20da%20solo%20%E2%80%94%20niente%20agenzie.%20Prezzo%20da%20%E2%82%AC500%2C%20consegna%20in%2072%20ore.%0A%0ASe%20vi%20interessa%2C%20possiamo%20sentirci%2010%20minuti%20%E2%80%94%20anche%20al%20telefono%20o%20passo%20di%20persona.%0A%0AUn%20saluto%2C%0ADavide%20%E2%80%94%20379%20210%206196,,
ANNA RAGGI - CONSULENTE DI BELLEZZA - ESTETISTA,Parma PR,"Viale R. e P. Barilla, 21, 43121 Parma PR",,,SENZA SITO,nessun sito,14,https://mirondavide.com/parrucchieri/anna-raggi-consulente-di-bellezza-estetista/,,,
I Jolly Parma,Parma PR,"Str. XXII Luglio, 47/c, 43121 Parma PR",0521 234703,,SENZA SITO,nessun sito,11,https://mirondavide.com/parrucchieri/i-jolly-parma/,,,
Glede Hair Salon,Parma PR,"Borgo della Posta, 6A, 43121 Parma PR",0521 081821,,SENZA SITO,nessun sito,11,https://mirondavide.com/parrucchieri/glede-hair-salon/,,,
Brown Hair Salon,Parma PR,"Borgo Angelo Mazza, 2, 43121 Parma PR",351 405 2507,,SENZA SITO,nessun sito,10,https://mirondavide.com/parrucchieri/brown-hair-salon/,https://wa.me/393514052507?text=Buongiorno%2C%0A%0Ami%20chiamo%20Davide%2C%20realizzo%20siti%20web%20per%20attivit%C3%A0%20locali.%0AHo%20creato%20un%20sito%20da%20zero%20per%20Brown%20Hair%20Salon.%0AEccolo%3A%20https%3A//mirondavide.com/parrucchieri/brown-hair-salon/%0A%0ALavoro%20da%20solo%20%E2%80%94%20niente%20agenzie.%20Prezzo%20da%20%E2%82%AC500%2C%20consegna%20in%2072%20ore.%0A%0ASe%20vi%20interessa%2C%20possiamo%20sentirci%2010%20minuti%20%E2%80%94%20anche%20al%20telefono%20o%20passo%20di%20persona.%0A%0AUn%20saluto%2C%0ADavide%20%E2%80%94%20379%20210%206196,,
Barbiere Ghidini Emilio,Parma PR,"Borgo Antini, 7, 43121 Parma PR",0521 641273,,SENZA SITO,nessun sito,8,https://mirondavide.com/parrucchieri/barbiere-ghidini-emilio/,,,
Beauty Centro Estetico,Parma PR,"Str. XXII Luglio, 1, 43121 Parma PR",328 478 7833,,SENZA SITO,nessun sito,8,https://mirondavide.com/parrucchieri/beauty-centro-estetico/,https://wa.me/393284787833?text=Buongiorno%2C%0A%0Ami%20chiamo%20Davide%2C%20realizzo%20siti%20web%20per%20attivit%C3%A0%20locali.%0AHo%20creato%20un%20sito%20da%20zero%20per%20Beauty%20Centro%20Estetico.%0AEccolo%3A%20https%3A//mirondavide.com/parrucchieri/beauty-centro-estetico/%0A%0ALavoro%20da%20solo%20%E2%80%94%20niente%20agenzie.%20Prezzo%20da%20%E2%82%AC500%2C%20consegna%20in%2072%20ore.%0A%0ASe%20vi%20interessa%2C%20possiamo%20sentirci%2010%20minuti%20%E2%80%94%20anche%20al%20telefono%20o%20passo%20di%20persona.%0A%0AUn%20saluto%2C%0ADavide%20%E2%80%94%20379%20210%206196,,
BARBIERE 24,Parma PR,"Str. Giuseppe Garibaldi, 71c, 43121 Parma PR",371 164 5644,,SENZA SITO,nessun sito,7,https://mirondavide.com/parrucchieri/barbiere-24/,https://wa.me/393711645644?text=Buongiorno%2C%0A%0Ami%20chiamo%20Davide%2C%20realizzo%20siti%20web%20per%20attivit%C3%A0%20locali.%0AHo%20creato%20un%20sito%20da%20zero%20per%20BARBIERE%2024.%0AEccolo%3A%20https%3A//mirondavide.com/parrucchieri/barbiere-24/%0A%0ALavoro%20da%20solo%20%E2%80%94%20niente%20agenzie.%20Prezzo%20da%20%E2%82%AC500%2C%20consegna%20in%2072%20ore.%0A%0ASe%20vi%20interessa%2C%20possiamo%20sentirci%2010%20minuti%20%E2%80%94%20anche%20al%20telefono%20o%20passo%20di%20persona.%0A%0AUn%20saluto%2C%0ADavide%20%E2%80%94%20379%20210%206196,,
Centro Estetico Beauty,Parma PR,"Via Giovanni Lanfranco, 1/D, 43126 Parma PR",0521 292607,,SENZA SITO,nessun sito,7,https://mirondavide.com/parrucchieri/centro-estetico-beauty/,,,
Glow hair experience,Parma PR,"Via Emilia Est, 20, 43121 Parma PR",0521 882372,,SENZA SITO,nessun sito,6,https://mirondavide.com/parrucchieri/glow-hair-experience/,,,
Modern saloon,Parma PR,"Via Trento, 44, 43122 Parma PR",351 094 1987,,SENZA SITO,nessun sito,6,https://mirondavide.com/parrucchieri/modern-saloon/,https://wa.me/393510941987?text=Buongiorno%2C%0A%0Ami%20chiamo%20Davide%2C%20realizzo%20siti%20web%20per%20attivit%C3%A0%20locali.%0AHo%20creato%20un%20sito%20da%20zero%20per%20Modern%20saloon.%0AEccolo%3A%20https%3A//mirondavide.com/parrucchieri/modern-saloon/%0A%0ALavoro%20da%20solo%20%E2%80%94%20niente%20agenzie.%20Prezzo%20da%20%E2%82%AC500%2C%20consegna%20in%2072%20ore.%0A%0ASe%20vi%20interessa%2C%20possiamo%20sentirci%2010%20minuti%20%E2%80%94%20anche%20al%20telefono%20o%20passo%20di%20persona.%0A%0AUn%20saluto%2C%0ADavide%20%E2%80%94%20379%20210%206196,,
DG Barber,Parma PR,"Via Amato Furlotti, 3, 43121 Parma PR",380 752 3014,,SENZA SITO,nessun sito,3,https://mirondavide.com/parrucchieri/dg-barber/,https://wa.me/393807523014?text=Buongiorno%2C%0A%0Ami%20chiamo%20Davide%2C%20realizzo%20siti%20web%20per%20attivit%C3%A0%20locali.%0AHo%20creato%20un%20sito%20da%20zero%20per%20DG%20Barber.%0AEccolo%3A%20https%3A//mirondavide.com/parrucchieri/dg-barber/%0A%0ALavoro%20da%20solo%20%E2%80%94%20niente%20agenzie.%20Prezzo%20da%20%E2%82%AC500%2C%20consegna%20in%2072%20ore.%0A%0ASe%20vi%20interessa%2C%20possiamo%20sentirci%2010%20minuti%20%E2%80%94%20anche%20al%20telefono%20o%20passo%20di%20persona.%0A%0AUn%20saluto%2C%0ADavide%20%E2%80%94%20379%20210%206196,,
BARBER KING,Parma PR,"Via Trento, 10, 43122 Parma PR",328 942 2056,,SENZA SITO,nessun sito,1,https://mirondavide.com/parrucchieri/barber-king/,https://wa.me/393289422056?text=Buongiorno%2C%0A%0Ami%20chiamo%20Davide%2C%20realizzo%20siti%20web%20per%20attivit%C3%A0%20locali.%0AHo%20creato%20un%20sito%20da%20zero%20per%20BARBER%20KING.%0AEccolo%3A%20https%3A//mirondavide.com/parrucchieri/barber-king/%0A%0ALavoro%20da%20solo%20%E2%80%94%20niente%20agenzie.%20Prezzo%20da%20%E2%82%AC500%2C%20consegna%20in%2072%20ore.%0A%0ASe%20vi%20interessa%2C%20possiamo%20sentirci%2010%20minuti%20%E2%80%94%20anche%20al%20telefono%20o%20passo%20di%20persona.%0A%0AUn%20saluto%2C%0ADavide%20%E2%80%94%20379%20210%206196,,
FK THE BOSS BARBING SALON,Parma PR,"Str. Giuseppe Garibaldi, 40/A, 43121 Parma PR",351 155 6183,,SENZA SITO,nessun sito,1,https://mirondavide.com/parrucchieri/fk-the-boss-barbing-salon/,https://wa.me/393511556183?text=Buongiorno%2C%0A%0Ami%20chiamo%20Davide%2C%20realizzo%20siti%20web%20per%20attivit%C3%A0%20locali.%0AHo%20creato%20un%20sito%20da%20zero%20per%20FK%20THE%20BOSS.%0AEccolo%3A%20https%3A//mirondavide.com/parrucchieri/fk-the-boss-barbing-salon/%0A%0ALavoro%20da%20solo%20%E2%80%94%20niente%20agenzie.%20Prezzo%20da%20%E2%82%AC500%2C%20consegna%20in%2072%20ore.%0A%0ASe%20vi%20interessa%2C%20possiamo%20sentirci%2010%20minuti%20%E2%80%94%20anche%20al%20telefono%20o%20passo%20di%20persona.%0A%0AUn%20saluto%2C%0ADavide%20%E2%80%94%20379%20210%206196,,
Bellezza delle donne,Parma PR,"Borgo Bruno Longhi, 10, 43121 Parma PR",347 126 2251,,SENZA SITO,nessun sito,0,https://mirondavide.com/parrucchieri/bellezza-delle-donne/,https://wa.me/393471262251?text=Buongiorno%2C%0A%0Ami%20chiamo%20Davide%2C%20realizzo%20siti%20web%20per%20attivit%C3%A0%20locali.%0AHo%20creato%20un%20sito%20da%20zero%20per%20Bellezza%20delle%20donne.%0AEccolo%3A%20https%3A//mirondavide.com/parrucchieri/bellezza-delle-donne/%0A%0ALavoro%20da%20solo%20%E2%80%94%20niente%20agenzie.%20Prezzo%20da%20%E2%82%AC500%2C%20consegna%20in%2072%20ore.%0A%0ASe%20vi%20interessa%2C%20possiamo%20sentirci%2010%20minuti%20%E2%80%94%20anche%20al%20telefono%20o%20passo%20di%20persona.%0A%0AUn%20saluto%2C%0ADavide%20%E2%80%94%20379%20210%206196,,
Machete Capelli & Barba - Barberia Parma,Parma PR,"Str. della Repubblica, 68, 43121 Parma PR",0521 347460,,SITO MORTO,il sito non si apre,641,https://mirondavide.com/parrucchieri/machete-capelli-barba-barberia-parma/,,,
Salone Eleganza,Parma PR,"Viale Antonio Gramsci, 4, 43126 Parma PR",328 565 7647,,SITO MORTO,il sito non si apre,112,https://mirondavide.com/parrucchieri/salone-eleganza/,https://wa.me/393285657647?text=Buongiorno%2C%0A%0Ami%20chiamo%20Davide%2C%20realizzo%20siti%20web%20per%20attivit%C3%A0%20locali.%0AHo%20preparato%20una%20versione%20nuova%20del%20sito%20per%20Salone%20Eleganza.%0AEccolo%3A%20https%3A//mirondavide.com/parrucchieri/salone-eleganza/%0A%0ALavoro%20da%20solo%20%E2%80%94%20niente%20agenzie.%20Prezzo%20da%20%E2%82%AC500%2C%20consegna%20in%2072%20ore.%0A%0ASe%20vi%20interessa%2C%20possiamo%20sentirci%2010%20minuti%20%E2%80%94%20anche%20al%20telefono%20o%20passo%20di%20persona.%0A%0AUn%20saluto%2C%0ADavide%20%E2%80%94%20379%20210%206196,,
Centro Estetico Estetica&Laser Parma,Parma PR,"Viale Ildebrando Cocconi, 23/A, 43122 Parma PR",329 042 7737,,SITO MORTO,il sito non si apre,96,https://mirondavide.com/parrucchieri/centro-estetico-estetica-laser-parma/,https://wa.me/393290427737?text=Buongiorno%2C%0A%0Ami%20chiamo%20Davide%2C%20realizzo%20siti%20web%20per%20attivit%C3%A0%20locali.%0AHo%20preparato%20una%20versione%20nuova%20del%20sito%20per%20Estetica%26Laser%20Parma.%0AEccolo%3A%20https%3A//mirondavide.com/parrucchieri/centro-estetico-estetica-laser-parma/%0A%0ALavoro%20da%20solo%20%E2%80%94%20niente%20agenzie.%20Prezzo%20da%20%E2%82%AC500%2C%20consegna%20in%2072%20ore.%0A%0ASe%20vi%20interessa%2C%20possiamo%20sentirci%2010%20minuti%20%E2%80%94%20anche%20al%20telefono%20o%20passo%20di%20persona.%0A%0AUn%20saluto%2C%0ADavide%20%E2%80%94%20379%20210%206196,,
Mister Barber Hair Body 2020,Parma PR,"Via Silvio Pellico, 22, 43125 Parma PR",0521 980080,,SITO MORTO,il sito non si apre,61,https://mirondavide.com/parrucchieri/mister-barber-hair-body-2020/,,,
Beauty of Sense Parma,Parma PR,"Via Rolando dei Capelluti, 18 B, 43126 Parma PR",347 995 5083,,SITO MORTO,il sito non si apre,52,https://mirondavide.com/parrucchieri/beauty-of-sense-parma/,https://wa.me/393479955083?text=Buongiorno%2C%0A%0Ami%20chiamo%20Davide%2C%20realizzo%20siti%20web%20per%20attivit%C3%A0%20locali.%0AHo%20preparato%20una%20versione%20nuova%20del%20sito%20per%20Beauty%20of%20Sense.%0AEccolo%3A%20https%3A//mirondavide.com/parrucchieri/beauty-of-sense-parma/%0A%0ALavoro%20da%20solo%20%E2%80%94%20niente%20agenzie.%20Prezzo%20da%20%E2%82%AC500%2C%20consegna%20in%2072%20ore.%0A%0ASe%20vi%20interessa%2C%20possiamo%20sentirci%2010%20minuti%20%E2%80%94%20anche%20al%20telefono%20o%20passo%20di%20persona.%0A%0AUn%20saluto%2C%0ADavide%20%E2%80%94%20379%20210%206196,,
Hair man studios,Parma PR,"Strada Abbeveratoia, 15/a, 43126 Parma PR",347 097 0043,,SITO MORTO,il sito non si apre,47,https://mirondavide.com/parrucchieri/hair-man-studios/,https://wa.me/393470970043?text=Buongiorno%2C%0A%0Ami%20chiamo%20Davide%2C%20realizzo%20siti%20web%20per%20attivit%C3%A0%20locali.%0AHo%20preparato%20una%20versione%20nuova%20del%20sito%20per%20Hair%20man%20studios.%0AEccolo%3A%20https%3A//mirondavide.com/parrucchieri/hair-man-studios/%0A%0ALavoro%20da%20solo%20%E2%80%94%20niente%20agenzie.%20Prezzo%20da%20%E2%82%AC500%2C%20consegna%20in%2072%20ore.%0A%0ASe%20vi%20interessa%2C%20possiamo%20sentirci%2010%20minuti%20%E2%80%94%20anche%20al%20telefono%20o%20passo%20di%20persona.%0A%0AUn%20saluto%2C%0ADavide%20%E2%80%94%20379%20210%206196,,
Arte capelli Parma,Parma PR,"Via Cassio Parmense, 1c, 43123 Parma PR",0521 242638,,SITO VECCHIO,template economico,602,https://mirondavide.com/parrucchieri/arte-capelli-parma/,,,
Trillo Maison,Parma PR,"Str. della Repubblica, 27, 43121 Parma PR",0521 064250,,SITO VECCHIO,no HTTPS,577,https://mirondavide.com/parrucchieri/trillo-maison/,,,
Clinica trucco permanente | HalehBeautyLab,Parma PR,"Via Federico II, 5, 43126 Parma PR",0521 884413,,SITO VECCHIO,"no HTTPS, template economico",427,https://mirondavide.com/parrucchieri/clinica-trucco-permanente-halehbeautylab/,,,
Seta Beauty Clinic Parma Repubblica,Parma PR,"Str. della Repubblica, 61/a, 43121 Parma PR",375 637 0906,,SITO VECCHIO,no HTTPS,405,https://mirondavide.com/parrucchieri/seta-beauty-clinic-parma-repubblica/,https://wa.me/393756370906?text=Buongiorno%2C%0A%0Ami%20chiamo%20Davide%2C%20realizzo%20siti%20web%20per%20attivit%C3%A0%20locali.%0AHo%20preparato%20una%20versione%20pi%C3%B9%20moderna%20del%20sito%20per%20Seta%20Beauty%20Clinic.%0AEccolo%3A%20https%3A//mirondavide.com/parrucchieri/seta-beauty-clinic-parma-repubblica/%0A%0ALavoro%20da%20solo%20%E2%80%94%20niente%20agenzie.%20Prezzo%20da%20%E2%82%AC500%2C%20consegna%20in%2072%20ore.%0A%0ASe%20vi%20interessa%2C%20possiamo%20sentirci%2010%20minuti%20%E2%80%94%20anche%20al%20telefono%20o%20passo%20di%20persona.%0A%0AUn%20saluto%2C%0ADavide%20%E2%80%94%20379%20210%206196,,
LOFT HairStyle - Parma,Parma PR,"Via Alberto Savinio, 26/E, 43123 Parma PR",389 105 4499,,SITO VECCHIO,no HTTPS,382,https://mirondavide.com/parrucchieri/loft-hairstyle-parma/,https://wa.me/393891054499?text=Buongiorno%2C%0A%0Ami%20chiamo%20Davide%2C%20realizzo%20siti%20web%20per%20attivit%C3%A0%20locali.%0AHo%20preparato%20una%20versione%20pi%C3%B9%20moderna%20del%20sito%20per%20LOFT%20HairStyle%20Parma.%0AEccolo%3A%20https%3A//mirondavide.com/parrucchieri/loft-hairstyle-parma/%0A%0ALavoro%20da%20solo%20%E2%80%94%20niente%20agenzie.%20Prezzo%20da%20%E2%82%AC500%2C%20consegna%20in%2072%20ore.%0A%0ASe%20vi%20interessa%2C%20possiamo%20sentirci%2010%20minuti%20%E2%80%94%20anche%20al%20telefono%20o%20passo%20di%20persona.%0A%0AUn%20saluto%2C%0ADavide%20%E2%80%94%20379%20210%206196,,
DUCA'S Parrucchiere Parma,Parma PR,"Largo Bottai Alfredo C.C. EUROSIA IPERCOOP, 43125 Parma PR",0521 494185,,SITO VECCHIO,no HTTPS,322,https://mirondavide.com/parrucchieri/duca-s-parrucchiere-parma/,,,
Chioma Via La Spezia 86,Parma PR,"Via La Spezia, 86, 43125 Parma PR",0521 988658,info@chioma.it,SITO VECCHIO,no HTTPS,255,https://mirondavide.com/parrucchieri/chioma-via-la-spezia-86/,,mailto:info@chioma.it?subject=Sito%20nuovo%20per%20Chioma%20Via%20La&body=Buongiorno%2C%0A%0Ami%20chiamo%20Davide%2C%20realizzo%20siti%20web%20per%20attivit%C3%A0%20locali.%0AHo%20preparato%20una%20versione%20pi%C3%B9%20moderna%20del%20sito%20per%20Chioma%20Via%20La.%0AEccolo%3A%20https%3A//mirondavide.com/parrucchieri/chioma-via-la-spezia-86/%0A%0ALavoro%20da%20solo%20%E2%80%94%20niente%20agenzie.%20Il%20prezzo%20parte%20da%20%E2%82%AC500%20per%20una%20homepage%20completa%2C%20consegnata%20in%2072%20ore.%0A%0ASe%20vi%20interessa%2C%20possiamo%20sentirci%2010%20minuti%20%E2%80%94%20anche%20al%20telefono%20o%20passo%20di%20persona.%0A%0AUn%20saluto%2C%0ADavide%20%E2%80%94%20379%20210%206196%0A%0A---%0APer%20non%20ricevere%20altri%20messaggi%3A%20rispondete%20%27rimuovi%27.,
Roberto Gozzi Parrucchieri,Parma PR,"Via Antonio Cocconcelli, 1, 43125 Parma PR",380 124 4751,info@robertogozzi.it,SITO VECCHIO,no HTTPS,228,https://mirondavide.com/parrucchieri/roberto-gozzi-parrucchieri/,https://wa.me/393801244751?text=Buongiorno%2C%0A%0Ami%20chiamo%20Davide%2C%20realizzo%20siti%20web%20per%20attivit%C3%A0%20locali.%0AHo%20preparato%20una%20versione%20pi%C3%B9%20moderna%20del%20sito%20per%20Roberto%20Gozzi%20Parrucchieri.%0AEccolo%3A%20https%3A//mirondavide.com/parrucchieri/roberto-gozzi-parrucchieri/%0A%0ALavoro%20da%20solo%20%E2%80%94%20niente%20agenzie.%20Prezzo%20da%20%E2%82%AC500%2C%20consegna%20in%2072%20ore.%0A%0ASe%20vi%20interessa%2C%20possiamo%20sentirci%2010%20minuti%20%E2%80%94%20anche%20al%20telefono%20o%20passo%20di%20persona.%0A%0AUn%20saluto%2C%0ADavide%20%E2%80%94%20379%20210%206196,mailto:info@robertogozzi.it?subject=Sito%20nuovo%20per%20Roberto%20Gozzi%20Parrucchieri&body=Buongiorno%2C%0A%0Ami%20chiamo%20Davide%2C%20realizzo%20siti%20web%20per%20attivit%C3%A0%20locali.%0AHo%20preparato%20una%20versione%20pi%C3%B9%20moderna%20del%20sito%20per%20Roberto%20Gozzi%20Parrucchieri.%0AEccolo%3A%20https%3A//mirondavide.com/parrucchieri/roberto-gozzi-parrucchieri/%0A%0ALavoro%20da%20solo%20%E2%80%94%20niente%20agenzie.%20Il%20prezzo%20parte%20da%20%E2%82%AC500%20per%20una%20homepage%20completa%2C%20consegnata%20in%2072%20ore.%0A%0ASe%20vi%20interessa%2C%20possiamo%20sentirci%2010%20minuti%20%E2%80%94%20anche%20al%20telefono%20o%20passo%20di%20persona.%0A%0AUn%20saluto%2C%0ADavide%20%E2%80%94%20379%20210%206196%0A%0A---%0APer%20non%20ricevere%20altri%20messaggi%3A%20rispondete%20%27rimuovi%27.,
Officine Hair Design,Collecchio PR,"Str. Nazionale Est, 4/B, 43044 Collecchio PR",0521 802497,,SITO VECCHIO,template economico,186,https://mirondavide.com/parrucchieri/officine-hair-design/,,,
UMA Parrucchieri,Parma PR,"Via Emilia Est, 119, 43123 Parma PR",0521 243449,,SITO VECCHIO,template economico,177,https://mirondavide.com/parrucchieri/uma-parrucchieri/,,,
BELLEZZA Estetica-Epilazione Laser Definitiva Parma,Parma PR,"Piazza Caduti del Lavoro, 5, 43126 Parma PR",391 499 1896,,SITO VECCHIO,no HTTPS,171,https://mirondavide.com/parrucchieri/bellezza-estetica-epilazione-laser-definitiva-parm/,,,
Beautique Luxury Esthetic,Parma PR,"galleria polidoro 4, c, 43121 Parma PR",329 946 8660,,SITO VECCHIO,non adatto al telefono,161,https://mirondavide.com/parrucchieri/beautique-luxury-esthetic/,https://wa.me/393299468660?text=Buongiorno%2C%0A%0Ami%20chiamo%20Davide%2C%20realizzo%20siti%20web%20per%20attivit%C3%A0%20locali.%0AHo%20preparato%20una%20versione%20pi%C3%B9%20moderna%20del%20sito%20per%20Beautique%20Luxury%20Esthetic.%0AEccolo%3A%20https%3A//mirondavide.com/parrucchieri/beautique-luxury-esthetic/%0A%0ALavoro%20da%20solo%20%E2%80%94%20niente%20agenzie.%20Prezzo%20da%20%E2%82%AC500%2C%20consegna%20in%2072%20ore.%0A%0ASe%20vi%20interessa%2C%20possiamo%20sentirci%2010%20minuti%20%E2%80%94%20anche%20al%20telefono%20o%20passo%20di%20persona.%0A%0AUn%20saluto%2C%0ADavide%20%E2%80%94%20379%20210%206196,,
ColorTerry - Parrucchieri Specialisti Coloristi,Parma PR,"Str. della Repubblica, 64/a, 43121 Parma PR",0521 063242,,SITO VECCHIO,no HTTPS,150,https://mirondavide.com/parrucchieri/colorterry-parrucchieri-specialisti-coloristi/,,,
Parrucchieri a Parma - Cinema Roma - Chioma,Parma PR,"Viale Tanara Faustino, 5, 43121 Parma PR",0521 460666,info@chioma.it,SITO VECCHIO,no HTTPS,142,https://mirondavide.com/parrucchieri/parrucchieri-a-parma-cinema-roma-chioma/,,mailto:info@chioma.it?subject=Sito%20nuovo%20per%20a%20Parma%20Cinema&body=Buongiorno%2C%0A%0Ami%20chiamo%20Davide%2C%20realizzo%20siti%20web%20per%20attivit%C3%A0%20locali.%0AHo%20preparato%20una%20versione%20pi%C3%B9%20moderna%20del%20sito%20per%20a%20Parma%20Cinema.%0AEccolo%3A%20https%3A//mirondavide.com/parrucchieri/parrucchieri-a-parma-cinema-roma-chioma/%0A%0ALavoro%20da%20solo%20%E2%80%94%20niente%20agenzie.%20Il%20prezzo%20parte%20da%20%E2%82%AC500%20per%20una%20homepage%20completa%2C%20consegnata%20in%2072%20ore.%0A%0ASe%20vi%20interessa%2C%20possiamo%20sentirci%2010%20minuti%20%E2%80%94%20anche%20al%20telefono%20o%20passo%20di%20persona.%0A%0AUn%20saluto%2C%0ADavide%20%E2%80%94%20379%20210%206196%0A%0A---%0APer%20non%20ricevere%20altri%20messaggi%3A%20rispondete%20%27rimuovi%27.,
The Edon Barbiere-Estetica Uomo/Donna Parma,Parma PR,"Viale Antonio Gramsci, 35 Parcheggio interno riservato, 43126 Parma PR",0521 983252,,SITO VECCHIO,no HTTPS,136,https://mirondavide.com/parrucchieri/the-edon-barbiere-estetica-uomo-donna-parma/,,,
Beauty'S Way Centro Estetico e Benessere Parma,Parma PR,"Strada Casa Bianca, 46, 43123 Parma PR",0521 489613,info.beautysway@gmail.com,SITO VECCHIO,no HTTPS,133,https://mirondavide.com/parrucchieri/beauty-s-way-centro-estetico-e-benessere-parma/,,mailto:info.beautysway@gmail.com?subject=Sito%20nuovo%20per%20Beauty%27S%20Way%20Centro&body=Buongiorno%2C%0A%0Ami%20chiamo%20Davide%2C%20realizzo%20siti%20web%20per%20attivit%C3%A0%20locali.%0AHo%20preparato%20una%20versione%20pi%C3%B9%20moderna%20del%20sito%20per%20Beauty%27S%20Way%20Centro.%0AEccolo%3A%20https%3A//mirondavide.com/parrucchieri/beauty-s-way-centro-estetico-e-benessere-parma/%0A%0ALavoro%20da%20solo%20%E2%80%94%20niente%20agenzie.%20Il%20prezzo%20parte%20da%20%E2%82%AC500%20per%20una%20homepage%20completa%2C%20consegnata%20in%2072%20ore.%0A%0ASe%20vi%20interessa%2C%20possiamo%20sentirci%2010%20minuti%20%E2%80%94%20anche%20al%20telefono%20o%20passo%20di%20persona.%0A%0AUn%20saluto%2C%0ADavide%20%E2%80%94%20379%20210%206196%0A%0A---%0APer%20non%20ricevere%20altri%20messaggi%3A%20rispondete%20%27rimuovi%27.,
Officine Hair Design,Parma PR,"Via XXIV Maggio, 8, 43123 Parma PR",0521 463265,,SITO VECCHIO,template economico,124,https://mirondavide.com/parrucchieri/officine-hair-design/,,,
Elledue Parrucchieri,Parma PR,"Viale Sette Fratelli Cervi, 23, 43123 Parma PR",0521 200232,info@elleduespapercapelli.com,SITO VECCHIO,no HTTPS,99,https://mirondavide.com/parrucchieri/elledue-parrucchieri/,,mailto:info@elleduespapercapelli.com?subject=Sito%20nuovo%20per%20Elledue%20Parrucchieri&body=Buongiorno%2C%0A%0Ami%20chiamo%20Davide%2C%20realizzo%20siti%20web%20per%20attivit%C3%A0%20locali.%0AHo%20preparato%20una%20versione%20pi%C3%B9%20moderna%20del%20sito%20per%20Elledue%20Parrucchieri.%0AEccolo%3A%20https%3A//mirondavide.com/parrucchieri/elledue-parrucchieri/%0A%0ALavoro%20da%20solo%20%E2%80%94%20niente%20agenzie.%20Il%20prezzo%20parte%20da%20%E2%82%AC500%20per%20una%20homepage%20completa%2C%20consegnata%20in%2072%20ore.%0A%0ASe%20vi%20interessa%2C%20possiamo%20sentirci%2010%20minuti%20%E2%80%94%20anche%20al%20telefono%20o%20passo%20di%20persona.%0A%0AUn%20saluto%2C%0ADavide%20%E2%80%94%20379%20210%206196%0A%0A---%0APer%20non%20ricevere%20altri%20messaggi%3A%20rispondete%20%27rimuovi%27.,
Parrucchiere M&L hair salon Sant’Ilario D’enza,Sant'Ilario d'Enza RE,"Via Matteotti, 2/E, 42039 Sant'Ilario d'Enza RE",348 517 4561,,SITO VECCHIO,no HTTPS,83,https://mirondavide.com/parrucchieri/parrucchiere-m-l-hair-salon-sant-ilario-d-enza/,https://wa.me/393485174561?text=Buongiorno%2C%0A%0Ami%20chiamo%20Davide%2C%20realizzo%20siti%20web%20per%20attivit%C3%A0%20locali.%0AHo%20preparato%20una%20versione%20pi%C3%B9%20moderna%20del%20sito%20per%20M%26L%20hair%20salon.%0AEccolo%3A%20https%3A//mirondavide.com/parrucchieri/parrucchiere-m-l-hair-salon-sant-ilario-d-enza/%0A%0ALavoro%20da%20solo%20%E2%80%94%20niente%20agenzie.%20Prezzo%20da%20%E2%82%AC500%2C%20consegna%20in%2072%20ore.%0A%0ASe%20vi%20interessa%2C%20possiamo%20sentirci%2010%20minuti%20%E2%80%94%20anche%20al%20telefono%20o%20passo%20di%20persona.%0A%0AUn%20saluto%2C%0ADavide%20%E2%80%94%20379%20210%206196,,
Relisir Parrucchieri,Fontanellato PR,"Frazione Parola, 46, 43012 Fontanellato PR",0524 528055,,SITO VECCHIO,no HTTPS,81,https://mirondavide.com/parrucchieri/relisir-parrucchieri/,,,
Maestri Parrucchieri,Parma PR,"Via Battaglia di Fornovo, 1, 43126 Parma PR",373 507 4267,,SITO VECCHIO,non adatto al telefono,73,https://mirondavide.com/parrucchieri/maestri-parrucchieri/,https://wa.me/393735074267?text=Buongiorno%2C%0A%0Ami%20chiamo%20Davide%2C%20realizzo%20siti%20web%20per%20attivit%C3%A0%20locali.%0AHo%20preparato%20una%20versione%20pi%C3%B9%20moderna%20del%20sito%20per%20Maestri%20Parrucchieri.%0AEccolo%3A%20https%3A//mirondavide.com/parrucchieri/maestri-parrucchieri/%0A%0ALavoro%20da%20solo%20%E2%80%94%20niente%20agenzie.%20Prezzo%20da%20%E2%82%AC500%2C%20consegna%20in%2072%20ore.%0A%0ASe%20vi%20interessa%2C%20possiamo%20sentirci%2010%20minuti%20%E2%80%94%20anche%20al%20telefono%20o%20passo%20di%20persona.%0A%0AUn%20saluto%2C%0ADavide%20%E2%80%94%20379%20210%206196,,
Veronica Estetica,Parma PR,"Via Calatafimi, 33, 43125 Parma PR",331 159 0791,veronica.1984@live.it,SITO VECCHIO,no HTTPS,73,https://mirondavide.com/parrucchieri/veronica-estetica/,https://wa.me/393311590791?text=Buongiorno%2C%0A%0Ami%20chiamo%20Davide%2C%20realizzo%20siti%20web%20per%20attivit%C3%A0%20locali.%0AHo%20preparato%20una%20versione%20pi%C3%B9%20moderna%20del%20sito%20per%20Veronica%20Estetica.%0AEccolo%3A%20https%3A//mirondavide.com/parrucchieri/veronica-estetica/%0A%0ALavoro%20da%20solo%20%E2%80%94%20niente%20agenzie.%20Prezzo%20da%20%E2%82%AC500%2C%20consegna%20in%2072%20ore.%0A%0ASe%20vi%20interessa%2C%20possiamo%20sentirci%2010%20minuti%20%E2%80%94%20anche%20al%20telefono%20o%20passo%20di%20persona.%0A%0AUn%20saluto%2C%0ADavide%20%E2%80%94%20379%20210%206196,mailto:veronica.1984@live.it?subject=Sito%20nuovo%20per%20Veronica%20Estetica&body=Buongiorno%2C%0A%0Ami%20chiamo%20Davide%2C%20realizzo%20siti%20web%20per%20attivit%C3%A0%20locali.%0AHo%20preparato%20una%20versione%20pi%C3%B9%20moderna%20del%20sito%20per%20Veronica%20Estetica.%0AEccolo%3A%20https%3A//mirondavide.com/parrucchieri/veronica-estetica/%0A%0ALavoro%20da%20solo%20%E2%80%94%20niente%20agenzie.%20Il%20prezzo%20parte%20da%20%E2%82%AC500%20per%20una%20homepage%20completa%2C%20consegnata%20in%2072%20ore.%0A%0ASe%20vi%20interessa%2C%20possiamo%20sentirci%2010%20minuti%20%E2%80%94%20anche%20al%20telefono%20o%20passo%20di%20persona.%0A%0AUn%20saluto%2C%0ADavide%20%E2%80%94%20379%20210%206196%0A%0A---%0APer%20non%20ricevere%20altri%20messaggi%3A%20rispondete%20%27rimuovi%27.,
Monica Costa Parrucchieri,Parma PR,"Via Picedi Benettini, 8, 43123 Parma PR",0521 992082,,SITO VECCHIO,"no HTTPS, template economico",72,https://mirondavide.com/parrucchieri/monica-costa-parrucchieri/,,,
Sole D'Oriente - Centro Estetico - Solarium,Parma PR,"2b Via Vietta S.Pancrazio, 43126 Parma PR",0521 673923,,SITO VECCHIO,no HTTPS,68,https://mirondavide.com/parrucchieri/sole-d-oriente-centro-estetico-solarium/,,,
Butterfly Beauty & Wellness,Parma PR,"V.le Mentana, 92/p, 43121 Parma PR",0521 483291,info@butterflybeauty.it,SITO VECCHIO,no HTTPS,66,https://mirondavide.com/parrucchieri/butterfly-beauty-wellness/,,mailto:info@butterflybeauty.it?subject=Sito%20nuovo%20per%20Butterfly%20Beauty%20Wellness&body=Buongiorno%2C%0A%0Ami%20chiamo%20Davide%2C%20realizzo%20siti%20web%20per%20attivit%C3%A0%20locali.%0AHo%20preparato%20una%20versione%20pi%C3%B9%20moderna%20del%20sito%20per%20Butterfly%20Beauty%20Wellness.%0AEccolo%3A%20https%3A//mirondavide.com/parrucchieri/butterfly-beauty-wellness/%0A%0ALavoro%20da%20solo%20%E2%80%94%20niente%20agenzie.%20Il%20prezzo%20parte%20da%20%E2%82%AC500%20per%20una%20homepage%20completa%2C%20consegnata%20in%2072%20ore.%0A%0ASe%20vi%20interessa%2C%20possiamo%20sentirci%2010%20minuti%20%E2%80%94%20anche%20al%20telefono%20o%20passo%20di%20persona.%0A%0AUn%20saluto%2C%0ADavide%20%E2%80%94%20379%20210%206196%0A%0A---%0APer%20non%20ricevere%20altri%20messaggi%3A%20rispondete%20%27rimuovi%27.,
Antuan Di Bernava Antonio,Parma PR,"Via Emilia Est, 67, 43123 Parma PR",0521 243913,antuanparrucchieri@live.it,SITO VECCHIO,no HTTPS,60,https://mirondavide.com/parrucchieri/antuan-di-bernava-antonio/,,mailto:antuanparrucchieri@live.it?subject=Sito%20nuovo%20per%20Antuan%20Di%20Bernava&body=Buongiorno%2C%0A%0Ami%20chiamo%20Davide%2C%20realizzo%20siti%20web%20per%20attivit%C3%A0%20locali.%0AHo%20preparato%20una%20versione%20pi%C3%B9%20moderna%20del%20sito%20per%20Antuan%20Di%20Bernava.%0AEccolo%3A%20https%3A//mirondavide.com/parrucchieri/antuan-di-bernava-antonio/%0A%0ALavoro%20da%20solo%20%E2%80%94%20niente%20agenzie.%20Il%20prezzo%20parte%20da%20%E2%82%AC500%20per%20una%20homepage%20completa%2C%20consegnata%20in%2072%20ore.%0A%0ASe%20vi%20interessa%2C%20possiamo%20sentirci%2010%20minuti%20%E2%80%94%20anche%20al%20telefono%20o%20passo%20di%20persona.%0A%0AUn%20saluto%2C%0ADavide%20%E2%80%94%20379%20210%206196%0A%0A---%0APer%20non%20ricevere%20altri%20messaggi%3A%20rispondete%20%27rimuovi%27.,
Lanzi Maurizio Hairstylist,Parma PR,"Borgo Giacomo Tommasini, 14/A, 43121 Parma PR",0521 236693,,SITO VECCHIO,no HTTPS,60,https://mirondavide.com/parrucchieri/lanzi-maurizio-hairstylist/,,,
Linea Avanguardia Estetica - Pellico_Centro Estetico - Salone di Bellezza Parma,Parma PR,"Via Silvio Pellico, 5/d, 43125 Parma PR",0521 290490,pellico@lineaavanguardiaestetica.it,SITO VECCHIO,no HTTPS,54,https://mirondavide.com/parrucchieri/linea-avanguardia-estetica-pellico-centro-estetico/,,mailto:pellico@lineaavanguardiaestetica.it?subject=Sito%20nuovo%20per%20Linea%20Avanguardia%20Estetica&body=Buongiorno%2C%0A%0Ami%20chiamo%20Davide%2C%20realizzo%20siti%20web%20per%20attivit%C3%A0%20locali.%0AHo%20preparato%20una%20versione%20pi%C3%B9%20moderna%20del%20sito%20per%20Linea%20Avanguardia%20Estetica.%0AEccolo%3A%20https%3A//mirondavide.com/parrucchieri/linea-avanguardia-estetica-pellico-centro-estetico/%0A%0ALavoro%20da%20solo%20%E2%80%94%20niente%20agenzie.%20Il%20prezzo%20parte%20da%20%E2%82%AC500%20per%20una%20homepage%20completa%2C%20consegnata%20in%2072%20ore.%0A%0ASe%20vi%20interessa%2C%20possiamo%20sentirci%2010%20minuti%20%E2%80%94%20anche%20al%20telefono%20o%20passo%20di%20persona.%0A%0AUn%20saluto%2C%0ADavide%20%E2%80%94%20379%20210%206196%0A%0A---%0APer%20non%20ricevere%20altri%20messaggi%3A%20rispondete%20%27rimuovi%27.,
Grease Parrucchieri Parma,Parma PR,"Strada Antonio Zarotto, 86, 43123 Parma PR",0521 487655,greasehairstyling@gmail.com,SITO VECCHIO,no HTTPS,50,https://mirondavide.com/parrucchieri/grease-parrucchieri-parma/,,mailto:greasehairstyling@gmail.com?subject=Sito%20nuovo%20per%20Grease%20Parrucchieri%20Parma&body=Buongiorno%2C%0A%0Ami%20chiamo%20Davide%2C%20realizzo%20siti%20web%20per%20attivit%C3%A0%20locali.%0AHo%20preparato%20una%20versione%20pi%C3%B9%20moderna%20del%20sito%20per%20Grease%20Parrucchieri%20Parma.%0AEccolo%3A%20https%3A//mirondavide.com/parrucchieri/grease-parrucchieri-parma/%0A%0ALavoro%20da%20solo%20%E2%80%94%20niente%20agenzie.%20Il%20prezzo%20parte%20da%20%E2%82%AC500%20per%20una%20homepage%20completa%2C%20consegnata%20in%2072%20ore.%0A%0ASe%20vi%20interessa%2C%20possiamo%20sentirci%2010%20minuti%20%E2%80%94%20anche%20al%20telefono%20o%20passo%20di%20persona.%0A%0AUn%20saluto%2C%0ADavide%20%E2%80%94%20379%20210%206196%0A%0A---%0APer%20non%20ricevere%20altri%20messaggi%3A%20rispondete%20%27rimuovi%27.,
The Beauty Emporium,Parma PR,"Viale della Villetta, 13, 43125 Parma PR",375 683 7555,logo_black_160x@2x.png,SITO VECCHIO,no HTTPS,43,https://mirondavide.com/parrucchieri/the-beauty-emporium/,https://wa.me/393756837555?text=Buongiorno%2C%0A%0Ami%20chiamo%20Davide%2C%20realizzo%20siti%20web%20per%20attivit%C3%A0%20locali.%0AHo%20preparato%20una%20versione%20pi%C3%B9%20moderna%20del%20sito%20per%20The%20Beauty%20Emporium.%0AEccolo%3A%20https%3A//mirondavide.com/parrucchieri/the-beauty-emporium/%0A%0ALavoro%20da%20solo%20%E2%80%94%20niente%20agenzie.%20Prezzo%20da%20%E2%82%AC500%2C%20consegna%20in%2072%20ore.%0A%0ASe%20vi%20interessa%2C%20possiamo%20sentirci%2010%20minuti%20%E2%80%94%20anche%20al%20telefono%20o%20passo%20di%20persona.%0A%0AUn%20saluto%2C%0ADavide%20%E2%80%94%20379%20210%206196,mailto:logo_black_160x@2x.png?subject=Sito%20nuovo%20per%20The%20Beauty%20Emporium&body=Buongiorno%2C%0A%0Ami%20chiamo%20Davide%2C%20realizzo%20siti%20web%20per%20attivit%C3%A0%20locali.%0AHo%20preparato%20una%20versione%20pi%C3%B9%20moderna%20del%20sito%20per%20The%20Beauty%20Emporium.%0AEccolo%3A%20https%3A//mirondavide.com/parrucchieri/the-beauty-emporium/%0A%0ALavoro%20da%20solo%20%E2%80%94%20niente%20agenzie.%20Il%20prezzo%20parte%20da%20%E2%82%AC500%20per%20una%20homepage%20completa%2C%20consegnata%20in%2072%20ore.%0A%0ASe%20vi%20interessa%2C%20possiamo%20sentirci%2010%20minuti%20%E2%80%94%20anche%20al%20telefono%20o%20passo%20di%20persona.%0A%0AUn%20saluto%2C%0ADavide%20%E2%80%94%20379%20210%206196%0A%0A---%0APer%20non%20ricevere%20altri%20messaggi%3A%20rispondete%20%27rimuovi%27.,
Personalità Hair Style,Parma PR,"Via Luigi Vigotti, 4, 43126 Parma PR",0521 293737,,SITO VECCHIO,"no HTTPS, template economico",42,https://mirondavide.com/parrucchieri/personalit-hair-style/,,,
The ronny barberia,Via Emilia Est,"Provincia di Parma, Parma, Via Emilia Est, D邮政编码: 43123",338 192 4109,theronnybarberia@gmail.com,SITO VECCHIO,no HTTPS,28,https://mirondavide.com/parrucchieri/the-ronny-barberia/,https://wa.me/393381924109?text=Buongiorno%2C%0A%0Ami%20chiamo%20Davide%2C%20realizzo%20siti%20web%20per%20attivit%C3%A0%20locali.%0AHo%20preparato%20una%20versione%20pi%C3%B9%20moderna%20del%20sito%20per%20The%20ronny%20barberia.%0AEccolo%3A%20https%3A//mirondavide.com/parrucchieri/the-ronny-barberia/%0A%0ALavoro%20da%20solo%20%E2%80%94%20niente%20agenzie.%20Prezzo%20da%20%E2%82%AC500%2C%20consegna%20in%2072%20ore.%0A%0ASe%20vi%20interessa%2C%20possiamo%20sentirci%2010%20minuti%20%E2%80%94%20anche%20al%20telefono%20o%20passo%20di%20persona.%0A%0AUn%20saluto%2C%0ADavide%20%E2%80%94%20379%20210%206196,mailto:theronnybarberia@gmail.com?subject=Sito%20nuovo%20per%20The%20ronny%20barberia&body=Buongiorno%2C%0A%0Ami%20chiamo%20Davide%2C%20realizzo%20siti%20web%20per%20attivit%C3%A0%20locali.%0AHo%20preparato%20una%20versione%20pi%C3%B9%20moderna%20del%20sito%20per%20The%20ronny%20barberia.%0AEccolo%3A%20https%3A//mirondavide.com/parrucchieri/the-ronny-barberia/%0A%0ALavoro%20da%20solo%20%E2%80%94%20niente%20agenzie.%20Il%20prezzo%20parte%20da%20%E2%82%AC500%20per%20una%20homepage%20completa%2C%20consegnata%20in%2072%20ore.%0A%0ASe%20vi%20interessa%2C%20possiamo%20sentirci%2010%20minuti%20%E2%80%94%20anche%20al%20telefono%20o%20passo%20di%20persona.%0A%0AUn%20saluto%2C%0ADavide%20%E2%80%94%20379%20210%206196%0A%0A---%0APer%20non%20ricevere%20altri%20messaggi%3A%20rispondete%20%27rimuovi%27.,
Accademia Backstage Parma,Parma PR,"Strada, Via Ferdinando Maestri, 17/A, 43121 Parma PR",0521 231455,info@accademiabeauty.com,SITO VECCHIO,no HTTPS,28,https://mirondavide.com/parrucchieri/accademia-backstage-parma/,,mailto:info@accademiabeauty.com?subject=Sito%20nuovo%20per%20Accademia%20Backstage%20Parma&body=Buongiorno%2C%0A%0Ami%20chiamo%20Davide%2C%20realizzo%20siti%20web%20per%20attivit%C3%A0%20locali.%0AHo%20preparato%20una%20versione%20pi%C3%B9%20moderna%20del%20sito%20per%20Accademia%20Backstage%20Parma.%0AEccolo%3A%20https%3A//mirondavide.com/parrucchieri/accademia-backstage-parma/%0A%0ALavoro%20da%20solo%20%E2%80%94%20niente%20agenzie.%20Il%20prezzo%20parte%20da%20%E2%82%AC500%20per%20una%20homepage%20completa%2C%20consegnata%20in%2072%20ore.%0A%0ASe%20vi%20interessa%2C%20possiamo%20sentirci%2010%20minuti%20%E2%80%94%20anche%20al%20telefono%20o%20passo%20di%20persona.%0A%0AUn%20saluto%2C%0ADavide%20%E2%80%94%20379%20210%206196%0A%0A---%0APer%20non%20ricevere%20altri%20messaggi%3A%20rispondete%20%27rimuovi%27.,
Prima Donna Acconciature By Antonietta Graffeo,Parma PR,"Via Parigi, 19, 43123 Parma PR",0521 499057,,SITO VECCHIO,no HTTPS,19,https://mirondavide.com/parrucchieri/prima-donna-acconciature-by-antonietta-graffeo/,,,
Trillo Parrucchieri,Noceto PR,"Via dei Mille, 10, 43015 Noceto PR",0521 627992,,SITO OK,sembra moderno,473,,,,
South Barber Parma,Parma PR,"Str. della Repubblica, 31, 43121 Parma PR",0521 261609,,SITO OK,sembra moderno,417,,,,
Barba&Capelli - parma,Parma PR,"Via Trieste, 2/D, 43122 Parma PR",0521 179 7600,info@barbaecapelliparma.it,SITO OK,sembra moderno,279,,,,
Go Coppola Parma,Parma PR,"Str. XXII Luglio, 29/B, 43125 Parma PR",0521 233491,,SITO OK,sembra moderno,256,,,,
Long e Short Parrucchiere e Barberia,Parma PR,"Via della Costituente, 41, 43125 Parma PR",0521 234539,,SITO OK,sembra moderno,244,,,,
La Barberia di Via Marchesi - Hair Art Studio,Parma PR,"Via Marchesi Luigi e Salvatore, 17, 43126 Parma PR",338 964 7120,,SITO OK,sembra moderno,220,,,,
Symposium Man's Care,Parma PR,"Via Ferdinando Maestri, 3/A, 43121 Parma PR",345 935 9027,,SITO OK,sembra moderno,214,,,,
DEPOT BARBER & CO. - BARBERIA PARMA,Parma PR,"Borgo Bruno Longhi, 3, 43121 Parma PR",0521 179 0665,,SITO OK,sembra moderno,205,,,,
Maison Marineo,Traversetolo PR,"Via Sette Fratelli Cervi, 8, 43029 Traversetolo PR",0521 842252,,SITO OK,sembra moderno,196,,,,
Centro Estetico La Perla Nera,Parma PR,"Str. Langhirano, 40/A-B, 43124 Parma PR",349 696 8629,utente@dominio.com,SITO OK,sembra moderno,174,,,,
Fortunato Hairdressers Spa & Estetica Totalbodysculpting,Parma PR,"V.le Mentana, 6, 43121 Parma PR",0521 570821,,SITO OK,sembra moderno,171,,,,
Variazioni Parrucchieri,Parma PR,"Via Montebello, 47, 43123 Parma PR",0521 175 9843,,SITO OK,sembra moderno,166,,,,
Barberia Parma,Parma PR,"Piazza della Steccata, 3/C, 43121 Parma PR",0521 284022,info@chioma.it,SITO OK,sembra moderno,156,,,,
Riflessi Parrucchieri,Parma PR,"Strada Massimo D'Azeglio, 32a, 43125 Parma PR",0521 230061,,SITO OK,sembra moderno,122,,,,
AS29 Parrucchieri e Consulenti di bellezza,Parma PR,"Str. Nino Bixio, 106/h, 43125 Parma PR",0521 062859,,SITO OK,sembra moderno,120,,,,
Auroom Parma Hair & Beauty Specialists,Parma PR,"Via Emilia Est, 216, 43123 Parma PR",0521 183 0447,info@auroomparma.it,SITO OK,sembra moderno,100,,,,
Parrucchiere Filippo - borgo San Biagio 1 PR,Parma PR,"Borgo S. Biagio, 1, 43121 Parma PR",0521 282059,,SITO OK,sembra moderno,97,,,,
Metodo Rossano Ferretti Parrucchieri Unisex,Parma PR,"Str. della Repubblica, 47, 43121 Parma PR",0521 233257,,SITO OK,sembra moderno,95,,,,
Enrico Zardi Parrucchieri,Parma PR,"Via Giovanni Lanfranco, 9/b, 43126 Parma PR",0521 293194,,SITO OK,sembra moderno,95,,,,
NIG Beauty Studio,Parma PR,"Strada Abbeveratoia, 63/C, 43126 Parma PR",351 738 8320,,SITO OK,sembra moderno,79,,,,
JK Barber shop,Parma PR,"Via Volturno, 84, 43125 Parma PR",320 848 6049,,SITO OK,sembra moderno,76,,,,
Parma Estetica,Parma PR,"Via Giuditta Sidoli, 9, 43123 Parma PR",344 033 5038,,SITO OK,sembra moderno,76,,,,
enjoy parrucchieri parma,Parma PR,"Via Edoardo Jenner, 3, 43126 Parma PR",0521 290328,,SITO OK,sembra moderno,65,,,,
Andrea Manfredi Barber,Parma PR,"Str. della Repubblica, 48a, 43121 Parma PR",352 055 2962,388fe63e6063cc241ca2a1b0f52622a3@o61919.ingest.us.sentry.io,SITO OK,sembra moderno,63,,,,
AS Beauty Salon - Centro Estetico,Parma PR,"Strada Benedetto Cairoli, 4/B, 43121 Parma PR",376 254 0014,info@asbeautysalon.it,SITO OK,sembra moderno,60,,,,
Help Me Studio,Parma PR,"Via Raffaello Sanzio, 9, 43124 Parma PR",348 802 1043,,SITO OK,sembra moderno,60,,,,
Amy Hair Beauty Spa,Parma PR,"Via Francesco Liani, 11, 43124 Parma PR",338 373 2094,,SITO OK,sembra moderno,59,,,,
Immagine Hair Creative Lab,Parma PR,"Largo Ferruccio Parri, 41/F, 43123 Parma PR",0521 482496,,SITO OK,sembra moderno,59,,,,
Bloom,Parma PR,"Via Volturno, 20, 43125 Parma PR",0521 975757,,SITO OK,sembra moderno,57,,,,
Milea hair & look,Parma PR,"Via Costantino Dall'Argine, 43123 Parma PR",320 099 9889,,SITO OK,sembra moderno,56,,,,
Gabelli Michele Hairstylist,Parma PR,"Str. Montanara, 544, 43124 Parma PR",338 227 4758,,SITO OK,sembra moderno,55,,,,
Prime Beauty - Studio di Bellezza,Parma PR,"Via Eugenio Ravà, 17/C, 43125 Parma PR",351 462 6741,,SITO OK,sembra moderno,54,,,,
Bull Cut Barberia Parma,Parma PR,"Stradocello, Stradello S. Girolamo, 2, 43121 Parma PR",353 447 5958,,SITO OK,sembra moderno,51,,,,
L'estetica di Arianna,Parma PR,"Via Marmolada, 5/F, 43122 Parma PR",329 975 9003,esteticadiarianna@gmail.com,SITO OK,sembra moderno,50,,,,
Acconciature Unisex Mary,Parma PR,"Largo Remo Coen, 35/a, 43126 Parma PR",0521 994600,,SITO OK,sembra moderno,47,,,,
Centro Estetico Lora Beauty Center,Parma PR,"Piazza Antonio Salandra, 7/A, 43126 Parma PR",0521 633508,info@lorabeautycenter.it,SITO OK,sembra moderno,35,,,,
MAGIC TOUCH Parrucchieri Barberia Spa,Parma PR,"Via O. Lizzadri, 5, 43126 Parma PR",391 101 1259,magictouch.revoltution@hotmail.com,SITO OK,sembra moderno,27,,,,
LARI beauty&wellness,Parma PR,"Viale Antonio Gramsci, 30/c, 43126 Parma PR",351 744 1336,,SITO OK,sembra moderno,23,,,,
Lock Of Hair di Enrica,Parma PR,"Piazzale Pablo, 5, 43126 Parma PR",0521 988606,info@lockofhairdienrica.it,SITO OK,sembra moderno,21,,,,
HAIR GIO,Parma PR,"Via Filippo Brunelleschi, 7/b, 43124 Parma PR",0521 156 0238,,SITO OK,sembra moderno,17,,,,
Karma Hair Concept,Parma PR,"Str. Luigi Carlo Farini, 54, 43121 Parma PR",0521 939517,info@karmahairstylist.it,SITO OK,sembra moderno,13,,,,
Original barbieri,Parma PR,"Strada Massimo D'Azeglio, 21b, 43100 Parma PR",351 327 4571,,SITO OK,sembra moderno,13,,,,
Beauty Case Parma,Parma PR,"Via Enza, 11, 43125 Parma PR",389 883 9537,,SITO OK,sembra moderno,11,,,,
Eddy Barber,Parma PR,"Via Montebello, 45, 43123 Parma PR",327 849 3977,fontawesome@6.7.2-all.min.css,SITO OK,sembra moderno,7,,,,
mity Parrucchieri,Parma PR,"Str. Giuseppe Garibaldi, 53, 43121 Parma PR",350 860 4442,,SITO OK,sembra moderno,3,,,,
M&H,Parma PR,"Via Savani, 3, 43126 Parma PR",351 445 0004,,SITO OK,sembra moderno,2,,,,
